sep=;
File;LoC;Aspects;Comments
DetectRecursivity/lara/DetectRecursivity.lara;16;1;3
DynamicCallGraph/lara/DynamicCallGraphClava.lara;27;1;3
DynamicCallGraph/lara/DynamicCallGraphKadabra.lara;142;7;34
DynamicCallGraph/lara/DynamicCallGraphMatisse.lara;44;1;7
DynamicCallGraph/lara/DynamicCallGraphWithApiClava.lara;9;1;2
DynamicCallGraph/lara/DynamicCallGraphWithApiKadabra.lara;9;1;2
DynamicCallGraph/lara/DynamicCallGraphWithApiMatisse.lara;9;1;2
DynamicCallGraph/lara/DynamicCallGraph/clava/DynamicCallGraph.lara;25;0;5
DynamicCallGraph/lara/DynamicCallGraph/clava/DynamicCallGraphAspects.lara;9;1;5
DynamicCallGraph/lara/DynamicCallGraph/kadabra/DynamicCallGraph.lara;41;0;4
DynamicCallGraph/lara/DynamicCallGraph/kadabra/DynamicCallGraphAspects.lara;62;3;33
DynamicCallGraph/lara/DynamicCallGraph/lara/DynamicCallGraphBase.lara;21;0;10
DynamicCallGraph/lara/DynamicCallGraph/matisse/DynamicCallGraph.lara;45;0;12
Energy/lara/MeasureEnergyClava-c.lara;12;1;0
Energy/lara/MeasureEnergyClava-cpp.lara;12;1;0
Energy/lara/MeasureEnergyKadabra.lara;15;1;0
Energy/lara/MeasureEnergyMatisse.lara;32;1;0
Energy/lara/MeasureEnergyWithApi.lara;6;1;1
Energy/lara/Energy/clava/Energy.lara;32;0;4
Energy/lara/Energy/kadabra/Energy.lara;31;0;9
Energy/lara/Energy/lara/EnergyBase.lara;39;0;17
Energy/lara/Energy/matisse/Energy.lara;28;0;13
Logger/lara/LogCallsClava-c.lara;20;1;0
Logger/lara/LogCallsClava-cpp.lara;17;1;1
Logger/lara/LogCallsKadabra.lara;9;1;0
Logger/lara/LogCallsMatisse.lara;14;1;0
Logger/lara/LogCallsWithApi.lara;14;1;0
Logger/lara/Logger/clava/Logger.lara;110;0;47
Logger/lara/Logger/kadabra/Logger.lara;21;0;19
Logger/lara/Logger/lara/LoggerBase.lara;126;0;44
Logger/lara/Logger/matisse/Logger.lara;33;0;12
RangeValueMonitor/lara/RangeValueMonitorClava.lara;60;2;10
RangeValueMonitor/lara/RangeValueMonitorKadabra.lara;134;5;24
RangeValueMonitor/lara/RangeValueMonitorMatisse.lara;71;2;11
RangeValueMonitor/lara/RangeValueMonitorWithApiClava.lara;9;1;3
RangeValueMonitor/lara/RangeValueMonitorWithApiKadabra.lara;9;1;6
RangeValueMonitor/lara/RangeValueMonitorWithApiMatisse.lara;9;1;3
RangeValueMonitor/lara/RangeValueMonitor/clava/RangeValueMonitor.lara;72;0;18
RangeValueMonitor/lara/RangeValueMonitor/clava/RangeValueMonitorAspects.lara;21;2;4
RangeValueMonitor/lara/RangeValueMonitor/kadabra/RangeValueMonitor.lara;61;0;13
RangeValueMonitor/lara/RangeValueMonitor/kadabra/RangeValueMonitorAspects.lara;60;4;17
RangeValueMonitor/lara/RangeValueMonitor/lara/RangeValueMonitorBase.lara;20;0;17
RangeValueMonitor/lara/RangeValueMonitor/matisse/RangeValueMonitor.lara;54;0;14
RangeValueMonitor/lara/RangeValueMonitor/matisse/RangeValueMonitorAspects.lara;13;1;3
StaticCallGraph/lara/StaticCallGraph.lara;10;1;1
StaticCodeReport/lara/StaticCodeReport.lara;99;1;5
Timer/lara/TimeCallsClava-c.lara;17;1;1
Timer/lara/TimeCallsClava-cpp.lara;15;1;0
Timer/lara/TimeCallsKadabra.lara;10;1;0
Timer/lara/TimeCallsMatisse.lara;7;1;0
Timer/lara/TimeCallsWithApi.lara;6;1;2
Timer/lara/Timer/clava/Timer.lara;114;0;34
Timer/lara/Timer/kadabra/Timer.lara;32;0;22
Timer/lara/Timer/lara/TimerBase.lara;28;0;15
Timer/lara/Timer/matisse/Timer.lara;23;0;23
Total;1984;53;535
